url_path,views_total,views_unique
/IdahoLabResearch/OMDD,10,8
/IdahoLabResearch/OMDD/blob/main/minCostIdenticalDroneRouting_scenario1.py,6,3
/IdahoLabResearch/OMDD/blob/main/DeliveryLocsScenario_1_Hourly.csv,2,1
/IdahoLabResearch/OMDD/blob/main/Distance_Matrix.csv,1,1
/IdahoLabResearch/OMDD/blob/main/Distance_and_Time_Matrix.py,1,1
/IdahoLabResearch/OMDD/blob/main/DroneDataScenario_1.csv,1,1
/IdahoLabResearch/OMDD/blob/main/ProviderLocationScenario_1.csv,1,1
/IdahoLabResearch/OMDD/blob/main/ProviderLocation_Hourly.csv,1,1
/IdahoLabResearch/OMDD/blob/main/Road_Distance.csv,1,1
/IdahoLabResearch/OMDD/blob/main/mixed_fleet_deployment.py,1,1
